{"frames": {

"Burrofelizdedibujosanimados_VectorPremium":
{
	"frame": {"x":738,"y":0,"w":571,"h":626},
	"rotated": false,
	"trimmed": false,
	"spriteSourceSize": {"x":0,"y":0,"w":571,"h":626},
	"sourceSize": {"w":571,"h":626}
},
"CuteCartoonBrownHorseIllustrationCartoonHorseCutePonyDrawingBrownHorseIllustrationPNGTransparentImageandClipartforFreeDownload":
{
	"frame": {"x":0,"y":1673,"w":360,"h":360},
	"rotated": false,
	"trimmed": false,
	"spriteSourceSize": {"x":0,"y":0,"w":360,"h":360},
	"sourceSize": {"w":360,"h":360}
},
"Diseñosintítulo2":
{
	"frame": {"x":1210,"y":1003,"w":354,"h":354},
	"rotated": false,
	"trimmed": false,
	"spriteSourceSize": {"x":0,"y":0,"w":354,"h":354},
	"sourceSize": {"w":354,"h":354}
},
"Diseñosintítulo3":
{
	"frame": {"x":1566,"y":1003,"w":354,"h":354},
	"rotated": false,
	"trimmed": false,
	"spriteSourceSize": {"x":0,"y":0,"w":354,"h":354},
	"sourceSize": {"w":354,"h":354}
},
"FarmscenewithredbarnvectorimageonVectorStockjpgcopia":
{
	"frame": {"x":582,"y":1521,"w":702,"h":500},
	"rotated": false,
	"trimmed": false,
	"spriteSourceSize": {"x":0,"y":0,"w":702,"h":500},
	"sourceSize": {"w":702,"h":500}
},
"KarikaturBauernhofstabilScheuneInneremitSandFußboden":
{
	"frame": {"x":1286,"y":628,"w":736,"h":373},
	"rotated": false,
	"trimmed": false,
	"spriteSourceSize": {"x":0,"y":0,"w":736,"h":373},
	"sourceSize": {"w":736,"h":373}
},
"descarga":
{
	"frame": {"x":0,"y":893,"w":580,"h":778},
	"rotated": false,
	"trimmed": false,
	"spriteSourceSize": {"x":0,"y":0,"w":580,"h":778},
	"sourceSize": {"w":580,"h":778}
},
"descarga1":
{
	"frame": {"x":582,"y":893,"w":626,"h":626},
	"rotated": false,
	"trimmed": false,
	"spriteSourceSize": {"x":0,"y":0,"w":626,"h":626},
	"sourceSize": {"w":626,"h":626}
},
"ilustracióndedibujosanimadoslindobebécerdo":
{
	"frame": {"x":0,"y":0,"w":736,"h":891},
	"rotated": false,
	"trimmed": false,
	"spriteSourceSize": {"x":0,"y":0,"w":736,"h":891},
	"sourceSize": {"w":736,"h":891}
},
"lindapequeñovacadibujosanimadosenblancoantecedentes":
{
	"frame": {"x":1311,"y":0,"w":564,"h":564},
	"rotated": false,
	"trimmed": false,
	"spriteSourceSize": {"x":0,"y":0,"w":564,"h":564},
	"sourceSize": {"w":564,"h":564}
},
"mas":
{
	"frame": {"x":1286,"y":1359,"w":354,"h":354},
	"rotated": false,
	"trimmed": false,
	"spriteSourceSize": {"x":0,"y":0,"w":354,"h":354},
	"sourceSize": {"w":354,"h":354}
},
"menos":
{
	"frame": {"x":1642,"y":1359,"w":354,"h":354},
	"rotated": false,
	"trimmed": false,
	"spriteSourceSize": {"x":0,"y":0,"w":354,"h":354},
	"sourceSize": {"w":354,"h":354}
}},
"meta": {
	"app": "Adobe Animate",
	"version": "24.0.0.305",
	"image": "Act3.5_AppInteractiva_MayYeleni_atlas_1.png",
	"format": "undefined",
	"size": {"w":2048,"h":2048},
	"scale": "1"
}
}
